{
    "0":{
        "x":130,
        "y":179,
        "next":[0,1,5,3]
    },
    "1":{
        "x":116,
        "y":306,
        "next":[1,0]
    },
    "2":{
        "x":122,
        "y":14,
        "next":[2,3,5]
    },
    "3":{
        "x":47,
        "y":95,
        "next":[3,0,2]
    },
    "4":{
        "x":333,
        "y":111,
        "next":[4,5]
    },
    "5":{
        "x":248,
        "y":42,
        "next":[5,4,0,2]
    },
    "music":"",
    "img":"qrc:/image/background_1.png"

}